Area,Dependency / Limitation,Original Current Status,Updated Current Status (Jun 2026),Impact,Verification Notes
Payment Provider Integration,Payment gateway integration is incomplete,Incomplete,Incomplete — code present; pending live Stripe validation,"Revenue, payouts, settlements, and refund reconciliation cannot be fully validated","Stripe provider wired (stripe.provider.ts) but requires STRIPE_SECRET_KEY + production E2E checkout. Not changed in recent work."
Refund Reconciliation Workflow,Refund financial reconciliation depends on payment integration,Partially Functional,Partially Functional — unchanged,"Real refund settlement behavior cannot be validated","finance/refunds.service.ts and returns modules exist; live payment reversal not validated."
Seller Revenue Validation,Seller revenue calculations depend on successful payment transactions,Blocked by Payment Dependency,Blocked by Payment Dependency — unchanged,Seller financial reporting remains unavailable,Depends on completed paid orders via live payment gateway.
Payout & Settlement Validation,Seller payout and settlement workflows require completed financial transactions,Partially Accessible,Partially Accessible — unchanged,Marketplace financial execution flow cannot be fully tested,settlements/ module exists; end-to-end payout flow not production-validated.
Financial Reporting Accuracy,Revenue and settlement analytics require completed operational payment data,Limited Operational Data,Limited Operational Data — unchanged,Financial reporting accuracy cannot be fully validated,Reporting APIs exist; accuracy depends on real paid transaction volume in DB.
Review Moderation Synchronization,Customer-submitted reviews are not appearing in admin review moderation workflows,Partial Workflow Issue,Implemented — pending E2E validation,Review moderation lifecycle remains incomplete,"FIXED: Reviews default PENDING; admin API /admin/reviews/*; admin UI Moderation Queue; approve/reject + notifications. Commits 2be54f4."
Notification Delivery Validation,"Notification infrastructure exists, but delivery execution remains partially unverified",Partially Validated,Wired — pending live delivery test,End-to-end communication reliability not fully confirmed,"FIXED in code: order + review notifications; GENERAL/SYSTEM enum + migration 20261005000000. Confirm email/queue delivery in deployed env."
Analytics Data Population,Several analytics dashboards lack sufficient transactional and operational data,Limited Operational Data,APIs expanded — limited live data,Analytics accuracy and reporting completeness partially unverified,"FIXED: GET /analytics/operational, /analytics/wholesale; admin dashboard metrics. Charts reflect DB volume."
Activity Logging Infrastructure,Operational activity logs are partially disconnected or not generating events consistently,Partially Operational,Partially Operational (expanded),Operational observability and audit tracking remain incomplete,"FIXED: logs on review submit/moderate, order status changes; admin recentActivityLogs (system cron filtered). Not exhaustive across all modules."
Multi-Seller Financial Reconciliation,"Marketplace commission, settlement, and payout orchestration require payment integration",Partially Functional,Partially Functional — unchanged,Multi-vendor finance operations cannot be fully validated,vendor-ledger + settlements code present; live multi-seller reconciliation not validated.
Refund Financial Execution,Refund status transitions exist but real payment reversal workflows remain untested,Partially Functional,Partially Functional — unchanged,Financial refund integrity remains unverified,Refund status/API exists; Stripe refund execution not production-validated.
Tax & Settlement Workflow,Tax calculations and settlement reconciliation depend on live payment processing,Limited Validation,Limited Validation — unchanged,Financial operational accuracy partially unverified,Tax providers exist (TaxJar/Stripe Tax); depends on live payment + config.
Bulk Wholesale Operational Data,Wholesale operational workflows exist but currently contain limited transactional data,Limited Operational Data,Query layer ready — limited live data,Full wholesale operational validation incomplete,"FIXED: getWholesaleMetrics() with DB aggregates + top wholesalers. Needs real WHOLESALER paid orders to populate."
Operational Monitoring,Monitoring and discrepancy modules exist but contain limited operational event data,Partially Operational,Jobs wired — pending prod validation,Production-level monitoring behavior remains partially unverified,"FIXED: MonitoringJobsService (health check 15min, discrepancy scan 4h); QueueModule wired. Requires Redis/BullMQ in deployed API."
Notification Event Tracking,Notification templates and messaging systems exist but event propagation validation is limited,Partial Validation,Event propagation wired — pending live test,Communication workflow synchronization not fully confirmed,"FIXED: events on order lifecycle + review workflow; admin pending/failed notification counts. Validate queue → sent in prod."
Analytics & Reporting Validation,Several reports and dashboards require larger operational datasets for accurate validation,Limited Dataset,Reporting APIs expanded — limited live data,Enterprise reporting validation incomplete,"FIXED: operational + wholesale endpoints; admin dashboard stats. Full validation needs production-scale data."
Production Financial Workflow Validation,End-to-end marketplace finance workflows require live payment transactions,Pending Payment Integration,Pending Payment Integration — unchanged,Full operational finance lifecycle remains incomplete,Blocked until live payment gateway validation complete.
Real Transaction Validation,Marketplace operational maturity depends on live transaction processing,Pending Payment Integration,Pending Payment Integration — unchanged,Production financial behavior cannot be fully validated,Blocked until live checkout/settlement/refund path validated in production.
